Place,Title,Day,Time,Photo
Republic Bar,"
AFROHOUSE & PAINT MONDAYS @ Republic Bar ",Monday,:00 pm-11:45 pm,https://viewghana.com/wp-content/uploads/2023/03/bd709eb9258bc9d9-6-768x768.png
ALLEY BAR every Tuesday,"
SOCIALIZE CREATIVELY @ ALLEY BAR every Tuesday ",Tuesday,:00 pm-11:30 pm,https://viewghana.com/wp-content/uploads/2023/03/196675b4c9215754-6-768x768.png
The Republic Bar and Grill,"
Tuesday Night â€“ Karaoke Night @ The Republic Bar and Grill ",Tuesday,:00 pm-11:00 pm,https://viewghana.com/wp-content/uploads/2022/02/Tuesday_Night_Karaoke_republic_Bar.jpg
End of Month Paint Party!,"
End of Month Paint Party! ",Tuesday,:00 pm-10:15 pm,https://viewghana.com/wp-content/uploads/2023/03/68b12a5c250a1ee9-1-768x768.jpg
Grind and Aroma,"
SIP AND PAINT EVERY THURSDAY @ Grind and Aroma ",Thursday,:45 pm-11:45 pm,https://viewghana.com/wp-content/uploads/2023/03/895b9c6632d2d4c7-1-768x768.jpeg
REPUBLIC BAR,"
SOCIALIZE CREATIVELY Every Thursday @ REPUBLIC BAR ",Thursday,:00 pm-11:45 pm,https://viewghana.com/wp-content/uploads/2023/03/de2ff800ec317730-6-768x768.png
